{
    "MakeAmbs": true,
    "JDVersion": 2023,
    "DefaultColors": {
        "songcolor_2a": [1, 0.666667, 0.666667, 0.666667],
        "lyrics": [1, 1, 0, 0],
        "theme": [1, 1, 1, 1],
        "songcolor_1a": [1, 0.266667, 0.266667, 0.266667],
        "songcolor_2b": [1, 0.466667, 0.466667, 0.466667],
        "songcolor_1b": [1, 0.066667, 0.066667, 0.066667]
    }
}
